{
  "Download Streaming PDF File Netty" : {
    "transaction" : "Download Streaming PDF File Netty",
    "sampleCount" : 124,
    "errorCount" : 0,
    "errorPct" : 0.0,
    "meanResTime" : 722.5080645161287,
    "medianResTime" : 732.5,
    "minResTime" : 173.0,
    "maxResTime" : 815.0,
    "pct1ResTime" : 769.0,
    "pct2ResTime" : 790.25,
    "pct3ResTime" : 813.0,
    "throughput" : 4.105688365008939,
    "receivedKBytesPerSec" : 128896.07437524832,
    "sentKBytesPerSec" : 0.5573151198596119
  },
  "Total" : {
    "transaction" : "Total",
    "sampleCount" : 362,
    "errorCount" : 117,
    "errorPct" : 32.320442,
    "meanResTime" : 1001.563535911602,
    "medianResTime" : 745.0,
    "minResTime" : 173.0,
    "maxResTime" : 4813.0,
    "pct1ResTime" : 1695.8,
    "pct2ResTime" : 2379.399999999996,
    "pct3ResTime" : 4253.9400000000005,
    "throughput" : 11.481857396599848,
    "receivedKBytesPerSec" : 243963.9401942817,
    "sentKBytesPerSec" : 1.5585724395775185
  },
  "Download Blocking PDF File Tomcat" : {
    "transaction" : "Download Blocking PDF File Tomcat",
    "sampleCount" : 41,
    "errorCount" : 41,
    "errorPct" : 100.0,
    "meanResTime" : 2249.682926829268,
    "medianResTime" : 2069.0,
    "minResTime" : 896.0,
    "maxResTime" : 4813.0,
    "pct1ResTime" : 4206.8,
    "pct2ResTime" : 4458.599999999999,
    "pct3ResTime" : 4813.0,
    "throughput" : 1.3004313625983255,
    "receivedKBytesPerSec" : 0.39622518079167723,
    "sentKBytesPerSec" : 0.17652339785270238
  },
  "Download Streaming PDF File Tomcat" : {
    "transaction" : "Download Streaming PDF File Tomcat",
    "sampleCount" : 121,
    "errorCount" : 0,
    "errorPct" : 0.0,
    "meanResTime" : 740.2479338842975,
    "medianResTime" : 741.0,
    "minResTime" : 511.0,
    "maxResTime" : 855.0,
    "pct1ResTime" : 784.6,
    "pct2ResTime" : 795.9,
    "pct3ResTime" : 851.48,
    "throughput" : 4.004898553602754,
    "receivedKBytesPerSec" : 125732.15136721982,
    "sentKBytesPerSec" : 0.5436336903816238
  },
  "Download Blocking PDF File Netty" : {
    "transaction" : "Download Blocking PDF File Netty",
    "sampleCount" : 76,
    "errorCount" : 76,
    "errorPct" : 100.0,
    "meanResTime" : 1199.5789473684208,
    "medianResTime" : 1153.5,
    "minResTime" : 581.0,
    "maxResTime" : 2831.0,
    "pct1ResTime" : 1778.0,
    "pct2ResTime" : 2261.9,
    "pct3ResTime" : 2831.0,
    "throughput" : 2.4460894753781783,
    "receivedKBytesPerSec" : 0.5756909800450596,
    "sentKBytesPerSec" : 0.3320375362085613
  }
}